tenant,user_id,name,email,version,last_updated
acme,U-00001,Ines Xu,ines.xu@example.com,6,2026-04-01T16:23:24Z
acme,U-00002,Brian Chen,brian.chen@example.com,4,2026-04-01T17:28:46Z
acme,U-00003,Greta Lopez,greta.lopez@example.com,12,2026-04-01T16:50:10Z
acme,U-00004,Noor Tan,noor.tan@example.com,11,2026-04-01T08:19:53Z
acme,U-00005,Owen Vance,owen.vance@example.com,3,2026-04-01T16:55:24Z
acme,U-00006,Ines Fischer,ines.fischer@example.com,3,2026-04-01T13:17:30Z
acme,U-00007,Sara Edwards,sara.edwards@example.com,3,2026-04-01T17:06:11Z
acme,U-00008,Theo Brown,theo.brown@example.com,6,2026-04-01T16:40:44Z
acme,U-00009,Zane Edwards,zane.edwards@example.com,2,2026-04-01T03:32:48Z
acme,U-00010,Felix Chen,felix.chen@example.com,10,2026-04-01T19:28:10Z
acme,U-00011,Alex Lopez,alex.lopez@example.com,5,2026-04-01T19:12:04Z
acme,U-00012,Yara Wong,yara.wong@example.com,9,2026-04-01T22:59:06Z
acme,U-00013,Greta Vance,greta.vance@example.com,4,2026-04-01T13:35:34Z
acme,U-00014,Ines Wong,ines.wong@example.com,6,2026-04-01T19:51:10Z
acme,U-00015,Mia Davis,mia.davis@example.com,11,2026-04-01T19:43:06Z
acme,U-00016,Theo Kim,theo.kim@example.com,4,2026-04-01T08:12:39Z
acme,U-00017,Greta Kim,greta.kim@example.com,8,2026-04-01T13:47:24Z
acme,U-00018,Yara Vance,yara.vance@example.com,1,2026-04-01T12:11:12Z
acme,U-00019,Yara Murphy,yara.murphy@example.com,7,2026-04-01T10:44:45Z
acme,U-00020,Owen Vance,owen.vance@example.com,5,2026-04-01T21:27:36Z
acme,U-00021,Sara Vance,sara.vance@example.com,12,2026-04-01T23:43:02Z
acme,U-00022,Kai Garcia,kai.garcia@example.com,5,2026-04-01T17:57:49Z
acme,U-00023,Theo Smith,theo.smith@example.com,7,2026-04-01T20:17:35Z
acme,U-00024,Yara Roy,yara.roy@example.com,4,2026-04-01T22:04:51Z
acme,U-00025,Alex Roy,alex.roy@example.com,5,2026-04-01T21:15:38Z
acme,U-00026,Quin Chen,quin.chen@example.com,10,2026-04-01T05:15:42Z
acme,U-00027,Hugo Kim,hugo.kim@example.com,12,2026-04-01T08:32:59Z
acme,U-00028,Ravi Jones,ravi.jones@example.com,4,2026-04-01T16:40:31Z
acme,U-00029,Mia Zhao,mia.zhao@example.com,8,2026-04-01T04:51:37Z
acme,U-00030,Ravi Quinn,ravi.quinn@example.com,4,2026-04-01T08:59:08Z
globex,U-00001,Hugo Owens,hugo.owens@example.com,3,2026-04-01T09:57:00Z
globex,U-00002,Noor Jones,noor.jones@example.com,10,2026-04-01T05:15:27Z
globex,U-00003,Eve Jones,eve.jones@example.com,13,2026-04-01T23:27:40Z
globex,U-00004,Jane Patel,jane.patel@example.com,10,2026-04-01T10:59:08Z
globex,U-00005,Felix Patel,felix.patel@example.com,9,2026-04-01T14:22:19Z
globex,U-00006,Theo Ueda,theo.ueda@example.com,10,2026-04-01T08:35:31Z
globex,U-00007,Eve Iyer,,6,2026-04-01T11:48:24Z
globex,U-00008,Lia Allen,lia.allen@example.com,9,2026-04-01T07:02:55Z
globex,U-00009,Alex Young,alex.young@example.com,2,2026-04-01T19:05:07Z
globex,U-00010,Noor Xu,noor.xu@example.com,8,2026-04-01T15:59:38Z
globex,U-00011,Dani Owens,dani.owens@example.com,11,2026-04-01T10:57:53Z
globex,U-00012,Uma Young,uma.young@example.com,1,2026-04-01T07:03:00Z
globex,U-00013,Owen Lopez,owen.lopez@example.com,8,2026-04-01T10:40:53Z
globex,U-00014,Greta Roy,greta.roy@example.com,11,2026-04-01T19:55:50Z
globex,U-00015,Felix Brown,,9,2026-04-01T18:09:58Z
globex,U-00016,Uma Hall,uma.hall@example.com,12,2026-04-01T22:08:49Z
globex,U-00017,Pia Allen,pia.allen@example.com,2,2026-04-01T01:17:05Z
globex,U-00018,Xian Jones,xian.jones@example.com,2,2026-04-01T12:35:58Z
globex,U-00019,Xian Fischer,xian.fischer@example.com,6,2026-04-01T14:13:43Z
globex,U-00020,Greta Wong,greta.wong@example.com,8,2026-04-01T12:28:18Z
globex,U-00021,Jane Edwards,jane.edwards@example.com,6,2026-04-01T15:15:54Z
globex,U-00022,Brian Nguyen,,1,2026-04-01T09:00:31Z
globex,U-00023,Hugo Ueda,,3,2026-04-01T09:53:14Z
globex,U-00024,Cara Tan,cara.tan@example.com,11,2026-04-01T11:51:10Z
globex,U-00025,Brian Quinn,brian.quinn@example.com,4,2026-04-01T23:45:07Z
globex,U-00026,Ines Vance,ines.vance@example.com,13,2026-04-01T14:49:02Z
globex,U-00027,Vik Ueda,vik.ueda@example.com,10,2026-04-01T22:40:54Z
globex,U-00028,Yara Allen,yara.allen@example.com,5,2026-04-01T17:22:53Z
globex,U-00029,Owen Fischer,owen.fischer@example.com,13,2026-04-01T16:15:10Z
globex,U-00030,Yara Fischer,yara.fischer@example.com,3,2026-04-01T23:29:34Z
initech,U-00001,Brian Lopez,brian.lopez@example.com,6,2026-04-01T19:17:14Z
initech,U-00002,Lia Davis,lia.davis@example.com,3,2026-04-01T00:14:34Z
initech,U-00003,Noor Roy,noor.roy@example.com,5,2026-04-01T06:00:55Z
initech,U-00004,Owen Edwards,owen.edwards@example.com,10,2026-04-01T19:05:50Z
initech,U-00005,Ravi Vance,ravi.vance@example.com,10,2026-04-01T14:06:04Z
initech,U-00006,Ravi Patel,ravi.patel@example.com,6,2026-04-01T11:58:27Z
initech,U-00007,Yara Nguyen,yara.nguyen@example.com,8,2026-04-01T20:59:01Z
initech,U-00008,Kai Hall,kai.hall@example.com,7,2026-04-01T19:14:02Z
initech,U-00009,Zane Chen,zane.chen@example.com,6,2026-04-01T15:31:54Z
initech,U-00010,Jane Tan,jane.tan@example.com,2,2026-04-01T01:36:21Z
initech,U-00011,Mia Zhao,mia.zhao@example.com,11,2026-04-01T17:23:10Z
initech,U-00012,Zane Davis,zane.davis@example.com,5,2026-04-01T02:16:25Z
initech,U-00013,Kai Garcia,kai.garcia@example.com,2,2026-04-01T03:57:42Z
initech,U-00014,Theo Jones,theo.jones@example.com,1,2026-04-01T12:21:12Z
initech,U-00015,Eve Patel,eve.patel@example.com,6,2026-04-01T22:03:52Z
initech,U-00016,Wren Roy,,2,2026-04-01T14:24:02Z
initech,U-00017,Sara Nguyen,sara.nguyen@example.com,6,2026-04-01T16:47:58Z
initech,U-00018,Cara Davis,cara.davis@example.com,2,2026-04-01T15:21:07Z
initech,U-00019,Kai Smith,,7,2026-04-01T18:25:40Z
initech,U-00020,Felix Garcia,,5,2026-04-01T10:29:45Z
initech,U-00021,Ines Owens,,13,2026-04-01T23:25:24Z
initech,U-00022,Noor Allen,noor.allen@example.com,7,2026-04-01T23:47:55Z
initech,U-00023,Brian Vance,brian.vance@example.com,11,2026-04-01T11:29:42Z
initech,U-00024,Ravi Allen,ravi.allen@example.com,12,2026-04-01T16:37:34Z
initech,U-00025,Jane Patel,jane.patel@example.com,6,2026-04-01T23:55:54Z
initech,U-00026,Dani Young,dani.young@example.com,6,2026-04-01T15:37:13Z
initech,U-00027,Uma Brown,uma.brown@example.com,2,2026-04-01T15:38:50Z
initech,U-00028,Yara Jones,yara.jones@example.com,10,2026-04-01T12:27:25Z
initech,U-00029,Lia Wong,lia.wong@example.com,2,2026-04-01T03:54:20Z
initech,U-00030,Greta Smith,greta.smith@example.com,7,2026-04-01T09:46:18Z
