entity_id,action,record_id,source_shard,recorded_at_utc
ent-00001,archive,rec-beta-000002,beta,2026-04-05T18:34:22Z
ent-00001,create,rec-alpha-000002,alpha,2026-04-01T23:52:27Z
ent-00001,update,rec-beta-000001,beta,2026-04-10T05:46:18Z
ent-00002,archive,rec-alpha-000004,alpha,2026-04-09T07:45:56Z
ent-00002,delete,rec-alpha-000003,alpha,2026-04-01T18:29:26Z
ent-00003,create,rec-gamma-000003,gamma,2026-04-05T18:15:20Z
ent-00003,update,rec-gamma-000002,gamma,2026-04-02T04:15:02Z
ent-00004,update,rec-gamma-000004,gamma,2026-04-05T22:11:51Z
ent-00005,delete,rec-gamma-000005,gamma,2026-04-09T01:49:17Z
ent-00006,archive,rec-alpha-000008,alpha,2026-04-07T10:20:20Z
ent-00006,create,rec-alpha-000009,alpha,2026-04-09T12:53:07Z
ent-00007,create,rec-gamma-000007,gamma,2026-04-03T15:22:35Z
ent-00007,delete,rec-alpha-000011,alpha,2026-04-03T12:51:41Z
ent-00007,update,rec-beta-000006,beta,2026-04-07T19:24:40Z
ent-00008,delete,rec-gamma-000008,gamma,2026-04-10T15:34:40Z
ent-00009,archive,rec-gamma-000009,gamma,2026-04-08T20:36:57Z
ent-00009,create,rec-gamma-000010,gamma,2026-04-08T19:45:43Z
ent-00010,create,rec-gamma-000011,gamma,2026-04-07T12:16:26Z
ent-00011,archive,rec-gamma-000012,gamma,2026-04-08T21:14:12Z
ent-00012,create,rec-alpha-000015,alpha,2026-04-02T16:03:56Z
ent-00012,update,rec-gamma-000013,gamma,2026-04-07T00:43:40Z
ent-00013,create,rec-beta-000012,beta,2026-04-05T07:04:28Z
ent-00013,delete,rec-alpha-000016,alpha,2026-04-04T02:31:38Z
ent-00013,update,rec-alpha-000017,alpha,2026-04-05T11:33:43Z
ent-00014,archive,rec-gamma-000014,gamma,2026-04-07T16:41:32Z
ent-00015,create,rec-gamma-000016,gamma,2026-04-09T13:29:33Z
ent-00015,update,rec-gamma-000015,gamma,2026-04-06T17:04:55Z
ent-00016,create,rec-alpha-000019,alpha,2026-04-10T11:50:59Z
ent-00017,archive,rec-gamma-000017,gamma,2026-04-04T17:12:10Z
ent-00018,archive,rec-gamma-000018,gamma,2026-04-10T16:08:49Z
ent-00018,delete,rec-gamma-000019,gamma,2026-04-09T20:24:27Z
ent-00018,update,rec-beta-000016,beta,2026-04-08T13:05:28Z
ent-00019,create,rec-beta-000017,beta,2026-04-10T01:00:14Z
ent-00019,update,rec-alpha-000020,alpha,2026-04-10T02:55:04Z
ent-00020,archive,rec-gamma-000023,gamma,2026-04-09T18:14:31Z
ent-00020,create,rec-gamma-000021,gamma,2026-04-06T18:44:27Z
ent-00020,delete,rec-alpha-000022,alpha,2026-04-01T19:06:34Z
ent-00021,create,rec-gamma-000024,gamma,2026-04-09T10:55:08Z
ent-00021,update,rec-beta-000020,beta,2026-04-04T08:07:49Z
ent-00022,archive,rec-beta-000024,beta,2026-04-04T10:33:05Z
ent-00022,create,rec-beta-000022,beta,2026-04-04T22:31:05Z
ent-00022,update,rec-beta-000023,beta,2026-04-03T21:19:49Z
ent-00023,create,rec-beta-000025,beta,2026-04-07T00:29:33Z
ent-00024,archive,rec-beta-000026,beta,2026-04-06T23:34:34Z
ent-00025,update,rec-gamma-000027,gamma,2026-04-02T13:18:19Z
ent-00026,delete,rec-gamma-000028,gamma,2026-04-09T03:48:26Z
ent-00027,archive,rec-beta-000028,beta,2026-04-10T04:27:20Z
ent-00027,delete,rec-gamma-000029,gamma,2026-04-02T18:51:50Z
ent-00027,update,rec-gamma-000030,gamma,2026-04-07T10:05:51Z
ent-00028,update,rec-gamma-000031,gamma,2026-04-06T14:24:39Z
ent-00029,archive,rec-alpha-000030,alpha,2026-04-08T19:53:33Z
ent-00029,create,rec-alpha-000031,alpha,2026-04-08T19:27:51Z
ent-00029,delete,rec-beta-000029,beta,2026-04-07T07:51:39Z
ent-00030,archive,rec-gamma-000035,gamma,2026-04-08T12:53:57Z
ent-00030,delete,rec-gamma-000034,gamma,2026-04-05T22:49:02Z
ent-00031,delete,rec-beta-000030,beta,2026-04-01T12:32:07Z
ent-00031,update,rec-alpha-000034,alpha,2026-04-02T16:37:43Z
ent-00032,archive,rec-alpha-000036,alpha,2026-04-09T09:50:19Z
ent-00032,delete,rec-gamma-000036,gamma,2026-04-05T05:25:06Z
ent-00032,update,rec-beta-000031,beta,2026-04-06T18:16:34Z
ent-00033,archive,rec-alpha-000037,alpha,2026-04-08T15:41:51Z
ent-00033,create,rec-gamma-000041,gamma,2026-04-09T04:03:22Z
ent-00033,delete,rec-alpha-000038,alpha,2026-04-02T07:53:54Z
ent-00034,archive,rec-beta-000034,beta,2026-04-05T19:52:51Z
ent-00034,delete,rec-alpha-000040,alpha,2026-04-09T15:12:24Z
ent-00034,update,rec-beta-000035,beta,2026-04-09T21:04:08Z
ent-00035,archive,rec-alpha-000042,alpha,2026-04-09T08:02:17Z
ent-00035,update,rec-alpha-000043,alpha,2026-04-07T05:16:11Z
ent-00036,archive,rec-alpha-000044,alpha,2026-04-10T09:17:35Z
ent-00036,create,rec-gamma-000043,gamma,2026-04-07T20:57:21Z
ent-00036,delete,rec-beta-000036,beta,2026-04-03T04:29:12Z
ent-00037,create,rec-gamma-000044,gamma,2026-04-08T09:07:34Z
ent-00038,archive,rec-gamma-000045,gamma,2026-04-02T18:15:26Z
ent-00039,create,rec-gamma-000047,gamma,2026-04-06T07:16:29Z
ent-00039,delete,rec-gamma-000046,gamma,2026-04-03T12:24:02Z
ent-00041,create,rec-beta-000042,beta,2026-04-10T04:07:40Z
ent-00041,delete,rec-beta-000043,beta,2026-04-09T16:55:51Z
ent-00041,update,rec-alpha-000049,alpha,2026-04-06T03:19:35Z
ent-00042,create,rec-alpha-000053,alpha,2026-04-04T22:49:33Z
ent-00042,delete,rec-beta-000044,beta,2026-04-07T12:05:33Z
ent-00042,update,rec-alpha-000052,alpha,2026-04-04T17:30:08Z
ent-00043,delete,rec-beta-000046,beta,2026-04-07T10:17:54Z
ent-00043,update,rec-gamma-000050,gamma,2026-04-08T17:50:08Z
ent-00044,archive,rec-alpha-000056,alpha,2026-04-07T11:20:16Z
ent-00044,create,rec-alpha-000055,alpha,2026-04-02T18:40:31Z
ent-00044,delete,rec-alpha-000054,alpha,2026-04-09T00:34:57Z
ent-00045,delete,rec-gamma-000051,gamma,2026-04-05T01:44:29Z
ent-00046,archive,rec-alpha-000057,alpha,2026-04-07T13:46:38Z
ent-00046,create,rec-alpha-000059,alpha,2026-04-02T23:08:55Z
ent-00046,update,rec-alpha-000058,alpha,2026-04-06T13:39:59Z
ent-00047,create,rec-gamma-000055,gamma,2026-04-08T16:51:56Z
ent-00047,delete,rec-gamma-000054,gamma,2026-04-07T17:10:42Z
ent-00048,create,rec-gamma-000056,gamma,2026-04-10T11:59:36Z
ent-00048,delete,rec-beta-000049,beta,2026-04-05T02:25:12Z
ent-00049,archive,rec-alpha-000062,alpha,2026-04-10T20:24:54Z
ent-00049,delete,rec-beta-000050,beta,2026-04-08T02:57:39Z
ent-00050,archive,rec-beta-000052,beta,2026-04-05T06:20:21Z
ent-00050,create,rec-alpha-000063,alpha,2026-04-08T20:54:56Z
ent-00050,delete,rec-beta-000053,beta,2026-04-05T07:11:19Z
ent-00051,delete,rec-alpha-000065,alpha,2026-04-07T05:33:32Z
ent-00052,archive,rec-beta-000055,beta,2026-04-06T07:13:07Z
ent-00052,create,rec-gamma-000061,gamma,2026-04-07T06:38:24Z
ent-00052,update,rec-gamma-000060,gamma,2026-04-08T03:39:19Z
ent-00053,update,rec-gamma-000062,gamma,2026-04-06T00:52:16Z
ent-00054,create,rec-gamma-000065,gamma,2026-04-02T09:54:49Z
ent-00054,delete,rec-alpha-000068,alpha,2026-04-06T12:20:41Z
ent-00054,update,rec-alpha-000069,alpha,2026-04-10T20:06:38Z
ent-00055,delete,rec-beta-000057,beta,2026-04-03T17:20:29Z
ent-00055,update,rec-alpha-000070,alpha,2026-04-06T12:52:54Z
ent-00056,update,rec-alpha-000071,alpha,2026-04-03T23:52:45Z
ent-00057,delete,rec-alpha-000073,alpha,2026-04-09T11:20:24Z
ent-00057,update,rec-alpha-000072,alpha,2026-04-06T11:25:22Z
ent-00058,create,rec-beta-000059,beta,2026-04-07T07:50:45Z
ent-00058,delete,rec-beta-000060,beta,2026-04-07T21:22:05Z
ent-00058,update,rec-alpha-000074,alpha,2026-04-06T00:44:22Z
ent-00059,archive,rec-alpha-000076,alpha,2026-04-10T14:23:10Z
ent-00060,update,rec-gamma-000069,gamma,2026-04-02T01:12:49Z
ent-00061,archive,rec-gamma-000070,gamma,2026-04-04T01:48:41Z
ent-00061,delete,rec-alpha-000077,alpha,2026-04-03T21:39:26Z
ent-00062,create,rec-alpha-000078,alpha,2026-04-03T03:25:32Z
ent-00062,delete,rec-beta-000064,beta,2026-04-10T14:41:52Z
ent-00063,archive,rec-alpha-000081,alpha,2026-04-08T21:26:17Z
ent-00063,delete,rec-beta-000065,beta,2026-04-01T02:24:35Z
ent-00063,update,rec-gamma-000072,gamma,2026-04-08T18:06:11Z
ent-00064,archive,rec-alpha-000082,alpha,2026-04-08T22:41:28Z
ent-00064,delete,rec-beta-000067,beta,2026-04-09T16:02:53Z
ent-00065,archive,rec-alpha-000084,alpha,2026-04-10T16:31:16Z
ent-00065,update,rec-alpha-000085,alpha,2026-04-07T16:30:11Z
ent-00066,archive,rec-beta-000070,beta,2026-04-05T10:05:31Z
ent-00066,create,rec-gamma-000073,gamma,2026-04-05T15:26:54Z
ent-00066,delete,rec-alpha-000087,alpha,2026-04-03T10:38:08Z
ent-00067,create,rec-gamma-000077,gamma,2026-04-09T11:23:12Z
ent-00067,delete,rec-gamma-000076,gamma,2026-04-07T21:27:11Z
ent-00067,update,rec-gamma-000075,gamma,2026-04-03T16:20:08Z
ent-00068,create,rec-beta-000071,beta,2026-04-05T06:46:27Z
ent-00068,delete,rec-beta-000072,beta,2026-04-10T22:13:27Z
ent-00069,archive,rec-beta-000073,beta,2026-04-06T20:10:50Z
ent-00069,create,rec-gamma-000079,gamma,2026-04-03T18:51:05Z
ent-00069,update,rec-alpha-000090,alpha,2026-04-10T13:22:15Z
ent-00070,update,rec-gamma-000081,gamma,2026-04-03T19:18:46Z
